product_id,product_name,category,price
1,Product_1,Electronics,245.94
2,Product_2,,453.52
3,Product_3,Home,220.03
4,Product_4,Electronics,-100.0
5,Product_5,Beauty,324.33
6,Product_6,Beauty,336.12
7,Product_7,Home,-100.0
8,Product_8,,118.94
9,Product_9,Home,-100.0
10,Product_10,Electronics,288.14
11,Product_11,Books,385.43
12,Product_12,Clothing,26.58
13,Product_13,Clothing,497.3
14,Product_14,Clothing,237.62
15,Product_15,,143.38
16,Product_16,Books,-100.0
17,Product_17,Electronics,375.12
18,Product_18,Beauty,476.77
19,Product_19,,168.72
20,Product_20,Beauty,278.62
21,Product_21,Electronics,288.28
22,Product_22,Books,490.26
23,Product_23,,42.3
24,Product_24,Home,156.32
25,Product_25,Electronics,99.5
26,Product_26,Electronics,137.9
27,Product_27,Beauty,-100.0
28,Product_28,Home,189.48
29,Product_29,Home,200.37
30,Product_30,Books,422.89
23,Product_23,,42.3
16,Product_16,Books,-100.0
27,Product_27,Beauty,-100.0
2,Product_2,,453.52
26,Product_26,Electronics,137.9
