"product_id";"product_name";"category";"price"
1;"Product_1";"Electronics";245.94
10;"Product_10";"Electronics";288.14
11;"Product_11";"Books";385.43
12;"Product_12";"Clothing";26.58
13;"Product_13";"Clothing";497.3
14;"Product_14";"Clothing";237.62
15;"Product_15";"Uncategorized";143.38
16;"Product_16";"Books";432.85999999999996
17;"Product_17";"Electronics";375.12
18;"Product_18";"Beauty";476.77
19;"Product_19";"Uncategorized";168.72
2;"Product_2";"Uncategorized";453.52
20;"Product_20";"Beauty";278.62
21;"Product_21";"Electronics";288.28
22;"Product_22";"Books";490.26
23;"Product_23";"Uncategorized";42.3
24;"Product_24";"Home";156.32
25;"Product_25";"Electronics";99.5
26;"Product_26";"Electronics";137.9
27;"Product_27";"Beauty";353.96000000000004
28;"Product_28";"Home";189.48
29;"Product_29";"Home";200.37
3;"Product_3";"Home";220.03
30;"Product_30";"Books";422.89
4;"Product_4";"Electronics";239.14666666666668
5;"Product_5";"Beauty";324.33
6;"Product_6";"Beauty";336.12
7;"Product_7";"Home";191.54999999999998
8;"Product_8";"Uncategorized";118.94
9;"Product_9";"Home";191.54999999999998
